timestamp,t_hours,temp_c
2025-10-01 08:00:00,0.0,37.1425754179143
2025-10-01 08:05:00,0.08333333333333333,37.041865054427646
2025-10-01 08:10:00,0.16666666666666666,37.19181089722907
2025-10-01 08:15:00,0.25,37.21357309067683
2025-10-01 08:20:00,0.3333333333333333,36.98863718431123
2025-10-01 08:25:00,0.4166666666666667,37.0467736568428
2025-10-01 08:30:00,0.5,37.167236235384436
2025-10-01 08:35:00,0.5833333333333334,37.137600664532876
2025-10-01 08:40:00,0.6666666666666666,37.1672743273297
2025-10-01 08:45:00,0.75,37.10591781133025
2025-10-01 08:50:00,0.8333333333333334,37.24987798860482
2025-10-01 08:55:00,0.9166666666666666,37.246933696637136
2025-10-01 09:00:00,1.0,37.19499388750789
2025-10-01 09:05:00,1.0833333333333333,37.28470633662582
2025-10-01 09:10:00,1.1666666666666667,37.236555622310355
2025-10-01 09:15:00,1.25,37.13484933665905
2025-10-01 09:20:00,1.3333333333333333,37.23733856689309
2025-10-01 09:25:00,1.4166666666666667,37.13517955753743
2025-10-01 09:30:00,1.5,37.286021813734656
2025-10-01 09:35:00,1.5833333333333333,37.215409468298354
2025-10-01 09:40:00,1.6666666666666667,37.208072690270036
2025-10-01 09:45:00,1.75,37.17164419472048
2025-10-01 09:50:00,1.8333333333333333,37.326975934930616
2025-10-01 09:55:00,1.9166666666666667,37.21966007590816
2025-10-01 10:00:00,2.0,37.200400396057034
2025-10-01 10:05:00,2.0833333333333335,37.208933247376905
2025-10-01 10:10:00,2.1666666666666665,37.28191793804824
2025-10-01 10:15:00,2.25,37.27058890133058
2025-10-01 10:20:00,2.3333333333333335,37.27618209778317
2025-10-01 10:25:00,2.4166666666666665,37.27922835995112
2025-10-01 10:30:00,2.5,37.41748199568785
2025-10-01 10:35:00,2.5833333333333335,37.21481215088927
2025-10-01 10:40:00,2.6666666666666665,37.20730819581556
2025-10-01 10:45:00,2.75,37.183934697197536
2025-10-01 10:50:00,2.8333333333333335,37.298850053517874
2025-10-01 10:55:00,2.9166666666666665,37.34021069560363
2025-10-01 11:00:00,3.0,37.24088420338761
2025-10-01 11:05:00,3.0833333333333335,37.18268039402896
2025-10-01 11:10:00,3.1666666666666665,37.183613202456534
2025-10-01 11:15:00,3.25,37.301083938483345
2025-10-01 11:20:00,3.3333333333333335,37.307747947837555
2025-10-01 11:25:00,3.4166666666666665,37.29077769366446
2025-10-01 11:30:00,3.5,37.19290941103512
2025-10-01 11:35:00,3.5833333333333335,37.26333558555583
2025-10-01 11:40:00,3.6666666666666665,37.25249835358675
2025-10-01 11:45:00,3.75,37.25884846391977
2025-10-01 11:50:00,3.8333333333333335,37.30904750543982
2025-10-01 11:55:00,3.9166666666666665,37.25499157531794
2025-10-01 12:00:00,4.0,37.28897970687583
2025-10-01 12:05:00,4.083333333333333,37.23742876003278
2025-10-01 12:10:00,4.166666666666667,37.25230217973189
2025-10-01 12:15:00,4.25,37.27662161633988
2025-10-01 12:20:00,4.333333333333333,37.1062892137652
2025-10-01 12:25:00,4.416666666666667,37.19382984386867
2025-10-01 12:30:00,4.5,37.17811597728665
2025-10-01 12:35:00,4.583333333333333,37.16077993774428
2025-10-01 12:40:00,4.666666666666667,37.185827124068354
2025-10-01 12:45:00,4.75,37.32318803858846
2025-10-01 12:50:00,4.833333333333333,37.12988838567473
2025-10-01 12:55:00,4.916666666666667,37.27198930843569
2025-10-01 13:00:00,5.0,37.05508184997373
2025-10-01 13:05:00,5.083333333333333,37.157919539403956
2025-10-01 13:10:00,5.166666666666667,37.192546395824195
2025-10-01 13:15:00,5.25,37.221059112044884
2025-10-01 13:20:00,5.333333333333333,37.22551654631347
2025-10-01 13:25:00,5.416666666666667,37.22636785073635
2025-10-01 13:30:00,5.5,37.12911099735118
2025-10-01 13:35:00,5.583333333333333,37.11395987397862
2025-10-01 13:40:00,5.666666666666667,37.2133580699041
2025-10-01 13:45:00,5.75,37.12302356737501
2025-10-01 13:50:00,5.833333333333333,37.02971989569752
2025-10-01 13:55:00,5.916666666666667,37.034400805806605
2025-10-01 14:00:00,6.0,37.04464186865381
2025-10-01 14:05:00,6.083333333333333,37.15095373462632
2025-10-01 14:10:00,6.166666666666667,37.115409652312685
2025-10-01 14:15:00,6.25,37.15194444512045
2025-10-01 14:20:00,6.333333333333333,37.055074212652016
2025-10-01 14:25:00,6.416666666666667,37.09434873776896
2025-10-01 14:30:00,6.5,37.12398987457131
2025-10-01 14:35:00,6.583333333333333,37.04134161858599
2025-10-01 14:40:00,6.666666666666667,37.09465141536256
2025-10-01 14:45:00,6.75,36.99705252957348
2025-10-01 14:50:00,6.833333333333333,37.01274051603086
2025-10-01 14:55:00,6.916666666666667,37.00290893465237
2025-10-01 15:00:00,7.0,36.92933282835288
2025-10-01 15:05:00,7.083333333333333,37.05540274447657
2025-10-01 15:10:00,7.166666666666667,36.970234688739545
2025-10-01 15:15:00,7.25,37.00002944009676
2025-10-01 15:20:00,7.333333333333333,37.028637950495785
2025-10-01 15:25:00,7.416666666666667,37.01695850451882
2025-10-01 15:30:00,7.5,37.025438353282105
2025-10-01 15:35:00,7.583333333333333,36.95521827846691
2025-10-01 15:40:00,7.666666666666667,36.920045199533014
2025-10-01 15:45:00,7.75,36.93827030251391
2025-10-01 15:50:00,7.833333333333333,36.80033085506028
2025-10-01 15:55:00,7.916666666666667,36.81015405852009
2025-10-01 16:00:00,8.0,36.81065260130778
2025-10-01 16:05:00,8.083333333333334,36.827178905338656
2025-10-01 16:10:00,8.166666666666666,36.929379764410015
2025-10-01 16:15:00,8.25,36.81535232047845
2025-10-01 16:20:00,8.333333333333334,36.84788867562697
2025-10-01 16:25:00,8.416666666666666,36.97239378760834
2025-10-01 16:30:00,8.5,36.83023566881411
2025-10-01 16:35:00,8.583333333333334,36.90799133916075
2025-10-01 16:40:00,8.666666666666666,36.76453066983566
2025-10-01 16:45:00,8.75,36.81299640352415
2025-10-01 16:50:00,8.833333333333334,36.74362695992155
2025-10-01 16:55:00,8.916666666666666,36.782694052193506
2025-10-01 17:00:00,9.0,36.86722465099659
2025-10-01 17:05:00,9.083333333333334,36.65199766787906
2025-10-01 17:10:00,9.166666666666666,36.81512516716926
2025-10-01 17:15:00,9.25,36.78958744003302
2025-10-01 17:20:00,9.333333333333334,36.713247919307804
2025-10-01 17:25:00,9.416666666666666,36.635325277965535
2025-10-01 17:30:00,9.5,36.747033574118085
2025-10-01 17:35:00,9.583333333333334,36.68918505948943
2025-10-01 17:40:00,9.666666666666666,36.740472416958255
2025-10-01 17:45:00,9.75,36.71395752673462
2025-10-01 17:50:00,9.833333333333334,36.83074448503353
2025-10-01 17:55:00,9.916666666666666,36.67389289825538
2025-10-01 18:00:00,10.0,36.601651630294114
2025-10-01 18:05:00,10.083333333333334,36.68841899448256
2025-10-01 18:10:00,10.166666666666666,36.68228212494081
2025-10-01 18:15:00,10.25,36.76408724663281
2025-10-01 18:20:00,10.333333333333334,36.712899835176614
2025-10-01 18:25:00,10.416666666666666,36.665452567504296
2025-10-01 18:30:00,10.5,36.74485668673327
2025-10-01 18:35:00,10.583333333333334,36.52366294521774
2025-10-01 18:40:00,10.666666666666666,36.5586416595967
2025-10-01 18:45:00,10.75,36.52684401408901
2025-10-01 18:50:00,10.833333333333334,36.561028339791775
2025-10-01 18:55:00,10.916666666666666,36.47342016218177
2025-10-01 19:00:00,11.0,36.625812075745145
2025-10-01 19:05:00,11.083333333333334,36.54877421805986
2025-10-01 19:10:00,11.166666666666666,36.44055067268371
2025-10-01 19:15:00,11.25,36.468747068644575
2025-10-01 19:20:00,11.333333333333334,36.566971711438036
2025-10-01 19:25:00,11.416666666666666,36.60096078366794
2025-10-01 19:30:00,11.5,36.68579582828142
2025-10-01 19:35:00,11.583333333333334,36.75144343479776
2025-10-01 19:40:00,11.666666666666666,36.54389833030313
2025-10-01 19:45:00,11.75,36.42413133360242
2025-10-01 19:50:00,11.833333333333334,36.32542070411445
2025-10-01 19:55:00,11.916666666666666,36.510236041885484
2025-10-01 20:00:00,12.0,36.416766660841226
2025-10-01 20:05:00,12.083333333333334,36.441707636258734
2025-10-01 20:10:00,12.166666666666666,36.41925745451066
2025-10-01 20:15:00,12.25,36.45040881572115
2025-10-01 20:20:00,12.333333333333334,36.54055841905947
2025-10-01 20:25:00,12.416666666666666,36.46161586800383
2025-10-01 20:30:00,12.5,36.430300209905845
2025-10-01 20:35:00,12.583333333333334,36.35424762785357
2025-10-01 20:40:00,12.666666666666666,36.2974069444936
2025-10-01 20:45:00,12.75,36.38693404173799
2025-10-01 20:50:00,12.833333333333334,36.416171245318736
2025-10-01 20:55:00,12.916666666666666,36.55672405128357
2025-10-01 21:00:00,13.0,36.42071053001483
2025-10-01 21:05:00,13.083333333333334,36.484092120813465
2025-10-01 21:10:00,13.166666666666666,36.360901477186665
2025-10-01 21:15:00,13.25,36.30161176499692
2025-10-01 21:20:00,13.333333333333334,36.314952154854915
2025-10-01 21:25:00,13.416666666666666,36.33009174923339
2025-10-01 21:30:00,13.5,36.55453178896473
2025-10-01 21:35:00,13.583333333333334,36.31488552448479
2025-10-01 21:40:00,13.666666666666666,36.444217456945246
2025-10-01 21:45:00,13.75,36.301647267480234
2025-10-01 21:50:00,13.833333333333334,36.445353213193236
2025-10-01 21:55:00,13.916666666666666,36.3987736428148
2025-10-01 22:00:00,14.0,36.352802346357265
2025-10-01 22:05:00,14.083333333333334,36.35963506649319
2025-10-01 22:10:00,14.166666666666666,36.30828378116168
2025-10-01 22:15:00,14.25,36.39433239993711
2025-10-01 22:20:00,14.333333333333334,36.32043783271724
2025-10-01 22:25:00,14.416666666666666,36.257188859188126
2025-10-01 22:30:00,14.5,36.251614806436216
2025-10-01 22:35:00,14.583333333333334,36.36648168121772
2025-10-01 22:40:00,14.666666666666666,36.478039686371545
2025-10-01 22:45:00,14.75,36.3637628136285
2025-10-01 22:50:00,14.833333333333334,36.340937234199366
2025-10-01 22:55:00,14.916666666666666,36.37297317898224
2025-10-01 23:00:00,15.0,36.45448013933654
2025-10-01 23:05:00,15.083333333333334,36.36765768792315
2025-10-01 23:10:00,15.166666666666666,36.31755412182146
2025-10-01 23:15:00,15.25,36.43946658134742
2025-10-01 23:20:00,15.333333333333334,36.38601290093564
2025-10-01 23:25:00,15.416666666666666,36.47553512715963
2025-10-01 23:30:00,15.5,36.368508567359534
2025-10-01 23:35:00,15.583333333333334,36.25727979775186
2025-10-01 23:40:00,15.666666666666666,36.247383775204845
2025-10-01 23:45:00,15.75,36.49072085839704
2025-10-01 23:50:00,15.833333333333334,36.498560054458686
2025-10-01 23:55:00,15.916666666666666,36.34853453152142
2025-10-02 00:00:00,16.0,36.334678392479034
2025-10-02 00:05:00,16.083333333333332,36.48489310890571
2025-10-02 00:10:00,16.166666666666668,36.28226371759982
2025-10-02 00:15:00,16.25,36.30230328021074
2025-10-02 00:20:00,16.333333333333332,36.428604464221465
2025-10-02 00:25:00,16.416666666666668,36.34902804899397
2025-10-02 00:30:00,16.5,36.38384446103231
2025-10-02 00:35:00,16.583333333333332,36.37503440251429
2025-10-02 00:40:00,16.666666666666668,36.41916745973742
2025-10-02 00:45:00,16.75,36.50900581521538
2025-10-02 00:50:00,16.833333333333332,36.40809191762194
2025-10-02 00:55:00,16.916666666666668,36.45698806339377
2025-10-02 01:00:00,17.0,36.246274800214515
2025-10-02 01:05:00,17.083333333333332,36.41139218604277
2025-10-02 01:10:00,17.166666666666668,36.35301542776077
2025-10-02 01:15:00,17.25,36.32833362962997
2025-10-02 01:20:00,17.333333333333332,36.361129390715654
2025-10-02 01:25:00,17.416666666666668,36.410370052823566
2025-10-02 01:30:00,17.5,36.51626320025743
2025-10-02 01:35:00,17.583333333333332,36.34294056518904
2025-10-02 01:40:00,17.666666666666668,36.45773052000401
2025-10-02 01:45:00,17.75,36.42293853196777
2025-10-02 01:50:00,17.833333333333332,36.44201135088648
2025-10-02 01:55:00,17.916666666666668,36.55515684309748
2025-10-02 02:00:00,18.0,36.524851183426364
2025-10-02 02:05:00,18.083333333333332,36.59581097349339
2025-10-02 02:10:00,18.166666666666668,36.48362395223296
2025-10-02 02:15:00,18.25,36.44761897427131
2025-10-02 02:20:00,18.333333333333332,36.49283687029061
2025-10-02 02:25:00,18.416666666666668,36.537734180818866
2025-10-02 02:30:00,18.5,36.54018322562237
2025-10-02 02:35:00,18.583333333333332,36.44715961245772
2025-10-02 02:40:00,18.666666666666668,36.54912978617225
2025-10-02 02:45:00,18.75,36.56825166155229
2025-10-02 02:50:00,18.833333333333332,36.75961309924664
2025-10-02 02:55:00,18.916666666666668,36.716699602730294
2025-10-02 03:00:00,19.0,36.50674053195529
2025-10-02 03:05:00,19.083333333333332,36.56056438506234
2025-10-02 03:10:00,19.166666666666668,36.47513776389727
2025-10-02 03:15:00,19.25,36.55371352828437
2025-10-02 03:20:00,19.333333333333332,36.63507018250391
2025-10-02 03:25:00,19.416666666666668,36.71523227923463
2025-10-02 03:30:00,19.5,36.56946574841622
2025-10-02 03:35:00,19.583333333333332,36.58457116756691
2025-10-02 03:40:00,19.666666666666668,36.474307813124355
2025-10-02 03:45:00,19.75,36.64233896696998
2025-10-02 03:50:00,19.833333333333332,36.57968923727431
2025-10-02 03:55:00,19.916666666666668,36.631721789496765
2025-10-02 04:00:00,20.0,36.61338256745046
2025-10-02 04:05:00,20.083333333333332,36.68550034411302
2025-10-02 04:10:00,20.166666666666668,36.56198390241932
2025-10-02 04:15:00,20.25,36.59484573546146
2025-10-02 04:20:00,20.333333333333332,36.89219808901214
2025-10-02 04:25:00,20.416666666666668,36.62855066971262
2025-10-02 04:30:00,20.5,36.6535203672246
2025-10-02 04:35:00,20.583333333333332,36.897962988582314
2025-10-02 04:40:00,20.666666666666668,36.99318528930278
2025-10-02 04:45:00,20.75,36.676843261540405
2025-10-02 04:50:00,20.833333333333332,36.750911359142556
2025-10-02 04:55:00,20.916666666666668,36.817507745809685
2025-10-02 05:00:00,21.0,36.93829581155244
2025-10-02 05:05:00,21.083333333333332,36.73086813199129
2025-10-02 05:10:00,21.166666666666668,36.80000649663903
2025-10-02 05:15:00,21.25,36.8916184142385
2025-10-02 05:20:00,21.333333333333332,36.874001370193774
2025-10-02 05:25:00,21.416666666666668,36.81889760798497
2025-10-02 05:30:00,21.5,36.84803094933774
2025-10-02 05:35:00,21.583333333333332,36.75846385911586
2025-10-02 05:40:00,21.666666666666668,36.85908778043215
2025-10-02 05:45:00,21.75,36.86647964570654
2025-10-02 05:50:00,21.833333333333332,36.91597141744224
2025-10-02 05:55:00,21.916666666666668,36.86253247404125
2025-10-02 06:00:00,22.0,36.954191652099745
2025-10-02 06:05:00,22.083333333333332,37.00694032173953
2025-10-02 06:10:00,22.166666666666668,36.9477519559904
2025-10-02 06:15:00,22.25,36.97278827205836
2025-10-02 06:20:00,22.333333333333332,36.95816149230278
2025-10-02 06:25:00,22.416666666666668,36.96310386867498
2025-10-02 06:30:00,22.5,36.91448290188086
2025-10-02 06:35:00,22.583333333333332,37.00655555137029
2025-10-02 06:40:00,22.666666666666668,36.98239528991023
2025-10-02 06:45:00,22.75,37.16648337531299
2025-10-02 06:50:00,22.833333333333332,37.13365526815378
2025-10-02 06:55:00,22.916666666666668,37.04731267021824
2025-10-02 07:00:00,23.0,36.96395542322442
2025-10-02 07:05:00,23.083333333333332,36.94445504841356
2025-10-02 07:10:00,23.166666666666668,37.13707626000318
2025-10-02 07:15:00,23.25,37.071026542870584
2025-10-02 07:20:00,23.333333333333332,37.0965208686293
2025-10-02 07:25:00,23.416666666666668,36.92652246280567
2025-10-02 07:30:00,23.5,37.14813772157857
2025-10-02 07:35:00,23.583333333333332,37.11801918953997
2025-10-02 07:40:00,23.666666666666668,37.00041996960578
2025-10-02 07:45:00,23.75,37.05898363219903
2025-10-02 07:50:00,23.833333333333332,37.125112969775564
2025-10-02 07:55:00,23.916666666666668,37.11537821897052
2025-10-02 08:00:00,24.0,37.09482435666966
2025-10-02 08:05:00,24.083333333333332,37.11678472148161
2025-10-02 08:10:00,24.166666666666668,37.111616611308
2025-10-02 08:15:00,24.25,37.15053291433373
2025-10-02 08:20:00,24.333333333333332,37.26243935724299
2025-10-02 08:25:00,24.416666666666668,36.945615342117286
2025-10-02 08:30:00,24.5,37.13806098197028
2025-10-02 08:35:00,24.583333333333332,37.17702106563016
2025-10-02 08:40:00,24.666666666666668,37.19229793910501
2025-10-02 08:45:00,24.75,37.144408159030434
2025-10-02 08:50:00,24.833333333333332,37.03898840801751
2025-10-02 08:55:00,24.916666666666668,37.210949980499954
2025-10-02 09:00:00,25.0,37.32789944883613
2025-10-02 09:05:00,25.083333333333332,37.07181812767508
2025-10-02 09:10:00,25.166666666666668,37.268261116026046
2025-10-02 09:15:00,25.25,37.17731071583988
2025-10-02 09:20:00,25.333333333333332,37.20293255650018
2025-10-02 09:25:00,25.416666666666668,37.12765828474743
2025-10-02 09:30:00,25.5,37.18898929584161
2025-10-02 09:35:00,25.583333333333332,37.32340710875317
2025-10-02 09:40:00,25.666666666666668,37.26947409871267
2025-10-02 09:45:00,25.75,37.364703486705594
2025-10-02 09:50:00,25.833333333333332,37.32336557895491
2025-10-02 09:55:00,25.916666666666668,37.267149368788026
2025-10-02 10:00:00,26.0,37.374181383923506
2025-10-02 10:05:00,26.083333333333332,37.27222338411503
2025-10-02 10:10:00,26.166666666666668,37.305572257347734
2025-10-02 10:15:00,26.25,37.21762769989867
2025-10-02 10:20:00,26.333333333333332,37.24848715412423
2025-10-02 10:25:00,26.416666666666668,37.18896877384647
2025-10-02 10:30:00,26.5,37.3253169023858
2025-10-02 10:35:00,26.583333333333332,37.15306106235085
2025-10-02 10:40:00,26.666666666666668,37.31087564153469
2025-10-02 10:45:00,26.75,37.23378443085696
2025-10-02 10:50:00,26.833333333333332,37.34327146718922
2025-10-02 10:55:00,26.916666666666668,37.309962431284454
2025-10-02 11:00:00,27.0,37.39565169261174
2025-10-02 11:05:00,27.083333333333332,37.308354887477044
2025-10-02 11:10:00,27.166666666666668,37.12380847925958
2025-10-02 11:15:00,27.25,37.243680261625514
2025-10-02 11:20:00,27.333333333333332,37.1545270387337
2025-10-02 11:25:00,27.416666666666668,37.20586296481074
2025-10-02 11:30:00,27.5,37.36704846228035
2025-10-02 11:35:00,27.583333333333332,37.2957653845823
2025-10-02 11:40:00,27.666666666666668,37.18724905456919
2025-10-02 11:45:00,27.75,37.16025598686622
2025-10-02 11:50:00,27.833333333333332,37.24195577063407
2025-10-02 11:55:00,27.916666666666668,37.13977911946547
2025-10-02 12:00:00,28.0,37.180975399638356
2025-10-02 12:05:00,28.083333333333332,37.256983192197765
2025-10-02 12:10:00,28.166666666666668,37.32159759072523
2025-10-02 12:15:00,28.25,37.27481947605075
2025-10-02 12:20:00,28.333333333333332,37.03955851866581
2025-10-02 12:25:00,28.416666666666668,37.24375287949968
2025-10-02 12:30:00,28.5,37.22150847548868
2025-10-02 12:35:00,28.583333333333332,37.245001388433565
2025-10-02 12:40:00,28.666666666666668,37.33713527869858
2025-10-02 12:45:00,28.75,37.03853367154533
2025-10-02 12:50:00,28.833333333333332,37.15186660091491
2025-10-02 12:55:00,28.916666666666668,37.241799545891844
2025-10-02 13:00:00,29.0,37.06318387974668
2025-10-02 13:05:00,29.083333333333332,37.3027862656471
2025-10-02 13:10:00,29.166666666666668,37.20899467963184
2025-10-02 13:15:00,29.25,37.24188804440361
2025-10-02 13:20:00,29.333333333333332,37.122942927008296
2025-10-02 13:25:00,29.416666666666668,37.22800116711766
2025-10-02 13:30:00,29.5,37.24248672761018
2025-10-02 13:35:00,29.583333333333332,37.16957825900276
2025-10-02 13:40:00,29.666666666666668,37.16347207081943
2025-10-02 13:45:00,29.75,37.15995537250807
2025-10-02 13:50:00,29.833333333333332,37.0627071803854
2025-10-02 13:55:00,29.916666666666668,37.11326148850766
2025-10-02 14:00:00,30.0,37.10599624893776
2025-10-02 14:05:00,30.083333333333332,37.14185238425029
2025-10-02 14:10:00,30.166666666666668,37.18400153317987
2025-10-02 14:15:00,30.25,37.01202273023676
2025-10-02 14:20:00,30.333333333333332,37.079253701933375
2025-10-02 14:25:00,30.416666666666668,37.20018200629554
2025-10-02 14:30:00,30.5,37.014455584748916
2025-10-02 14:35:00,30.583333333333332,37.00030934038038
2025-10-02 14:40:00,30.666666666666668,37.074293891704464
2025-10-02 14:45:00,30.75,37.11755742009765
2025-10-02 14:50:00,30.833333333333332,37.04269890820092
2025-10-02 14:55:00,30.916666666666668,37.13976481340719
2025-10-02 15:00:00,31.0,37.09354351860532
2025-10-02 15:05:00,31.083333333333332,37.08379055136493
2025-10-02 15:10:00,31.166666666666668,37.0521161960617
2025-10-02 15:15:00,31.25,37.18524215862624
2025-10-02 15:20:00,31.333333333333332,36.97376528267402
2025-10-02 15:25:00,31.416666666666668,36.82095422707111
2025-10-02 15:30:00,31.5,37.100547893485654
2025-10-02 15:35:00,31.583333333333332,36.92648116275112
2025-10-02 15:40:00,31.666666666666668,36.962539500043995
2025-10-02 15:45:00,31.75,37.049411814175265
2025-10-02 15:50:00,31.833333333333332,36.80713684649221
2025-10-02 15:55:00,31.916666666666668,36.82579127918545
2025-10-02 16:00:00,32.0,36.78836633532662
2025-10-02 16:05:00,32.083333333333336,36.84342774834474
2025-10-02 16:10:00,32.166666666666664,36.932568754753504
2025-10-02 16:15:00,32.25,36.929725672332275
2025-10-02 16:20:00,32.333333333333336,36.9002436142964
2025-10-02 16:25:00,32.416666666666664,36.755434253074064
2025-10-02 16:30:00,32.5,36.67392851156841
2025-10-02 16:35:00,32.583333333333336,36.853338380514614
2025-10-02 16:40:00,32.666666666666664,36.80147800154538
2025-10-02 16:45:00,32.75,36.86618226989089
2025-10-02 16:50:00,32.833333333333336,36.8757850144121
2025-10-02 16:55:00,32.916666666666664,36.82087601283025
2025-10-02 17:00:00,33.0,36.86081064683007
2025-10-02 17:05:00,33.083333333333336,36.80852021166365
2025-10-02 17:10:00,33.166666666666664,36.822776452133716
2025-10-02 17:15:00,33.25,36.71419473081684
2025-10-02 17:20:00,33.333333333333336,36.746411002657034
2025-10-02 17:25:00,33.416666666666664,36.766751994049166
2025-10-02 17:30:00,33.5,36.806905491534366
2025-10-02 17:35:00,33.583333333333336,36.70004518243657
2025-10-02 17:40:00,33.666666666666664,36.763551700508444
2025-10-02 17:45:00,33.75,36.69094225173951
2025-10-02 17:50:00,33.833333333333336,36.693198800341605
2025-10-02 17:55:00,33.916666666666664,36.75940287181515
2025-10-02 18:00:00,34.0,36.52408660001953
2025-10-02 18:05:00,34.083333333333336,36.57035915744007
2025-10-02 18:10:00,34.166666666666664,36.54610755842764
2025-10-02 18:15:00,34.25,36.468662951025706
2025-10-02 18:20:00,34.333333333333336,36.59182978029103
2025-10-02 18:25:00,34.416666666666664,36.696857594750554
2025-10-02 18:30:00,34.5,36.6050017301251
2025-10-02 18:35:00,34.583333333333336,36.63458719611891
2025-10-02 18:40:00,34.666666666666664,36.696959181953545
2025-10-02 18:45:00,34.75,36.707184979982856
2025-10-02 18:50:00,34.833333333333336,36.58668208926614
2025-10-02 18:55:00,34.916666666666664,36.69184192515183
2025-10-02 19:00:00,35.0,36.582370132674725
2025-10-02 19:05:00,35.083333333333336,36.499560175921566
2025-10-02 19:10:00,35.166666666666664,36.510663148068026
2025-10-02 19:15:00,35.25,36.431550474135975
2025-10-02 19:20:00,35.333333333333336,36.47083989534333
2025-10-02 19:25:00,35.416666666666664,36.50526932319043
2025-10-02 19:30:00,35.5,36.590344158496364
2025-10-02 19:35:00,35.583333333333336,36.65599602401045
2025-10-02 19:40:00,35.666666666666664,36.40017105441089
2025-10-02 19:45:00,35.75,36.53472058066576
2025-10-02 19:50:00,35.833333333333336,36.41274089144035
2025-10-02 19:55:00,35.916666666666664,36.52679489197504
2025-10-02 20:00:00,36.0,36.47131501641103
2025-10-02 20:05:00,36.083333333333336,36.3284637510053
2025-10-02 20:10:00,36.166666666666664,36.542488957760916
2025-10-02 20:15:00,36.25,36.41327202960976
2025-10-02 20:20:00,36.333333333333336,36.41256798152658
2025-10-02 20:25:00,36.416666666666664,36.36347178970503
2025-10-02 20:30:00,36.5,36.39064833473394
2025-10-02 20:35:00,36.583333333333336,36.47133116333523
2025-10-02 20:40:00,36.666666666666664,36.41624203279504
2025-10-02 20:45:00,36.75,36.452131634646456
2025-10-02 20:50:00,36.833333333333336,36.44942759769851
2025-10-02 20:55:00,36.916666666666664,36.52094259063943
2025-10-02 21:00:00,37.0,36.38286567622785
2025-10-02 21:05:00,37.083333333333336,36.287324334583964
2025-10-02 21:10:00,37.166666666666664,36.48622291839556
2025-10-02 21:15:00,37.25,36.369888212542506
2025-10-02 21:20:00,37.333333333333336,36.4813288913997
2025-10-02 21:25:00,37.416666666666664,36.41878000345084
2025-10-02 21:30:00,37.5,36.37376320795365
2025-10-02 21:35:00,37.583333333333336,36.40849853034644
2025-10-02 21:40:00,37.666666666666664,36.53321932545644
2025-10-02 21:45:00,37.75,36.5400398840515
2025-10-02 21:50:00,37.833333333333336,36.37637786297392
2025-10-02 21:55:00,37.916666666666664,36.3807928129917
2025-10-02 22:00:00,38.0,36.451432590767226
2025-10-02 22:05:00,38.083333333333336,36.29524318596264
2025-10-02 22:10:00,38.166666666666664,36.38731242660548
2025-10-02 22:15:00,38.25,36.35657759598224
2025-10-02 22:20:00,38.333333333333336,36.381949168061105
2025-10-02 22:25:00,38.416666666666664,36.28856781581355
2025-10-02 22:30:00,38.5,36.226684412917066
2025-10-02 22:35:00,38.583333333333336,36.18683597292065
2025-10-02 22:40:00,38.666666666666664,36.262321656819545
2025-10-02 22:45:00,38.75,36.31426946174748
2025-10-02 22:50:00,38.833333333333336,36.326972973356256
2025-10-02 22:55:00,38.916666666666664,36.5050855808084
2025-10-02 23:00:00,39.0,36.43847946959258
2025-10-02 23:05:00,39.083333333333336,36.273139798506705
2025-10-02 23:10:00,39.166666666666664,36.37824497648423
2025-10-02 23:15:00,39.25,36.3183972256346
2025-10-02 23:20:00,39.333333333333336,36.3289632788155
2025-10-02 23:25:00,39.416666666666664,36.36750069975318
2025-10-02 23:30:00,39.5,36.40338350173981
2025-10-02 23:35:00,39.583333333333336,36.32809664157878
2025-10-02 23:40:00,39.666666666666664,36.44194463376325
2025-10-02 23:45:00,39.75,36.26729156572715
2025-10-02 23:50:00,39.833333333333336,36.361173921785
2025-10-02 23:55:00,39.916666666666664,36.570709966711696
2025-10-03 00:00:00,40.0,36.38317975757994
2025-10-03 00:05:00,40.083333333333336,36.482634726054826
2025-10-03 00:10:00,40.166666666666664,36.37814898641715
2025-10-03 00:15:00,40.25,36.42034360935358
2025-10-03 00:20:00,40.333333333333336,36.37259566509492
2025-10-03 00:25:00,40.416666666666664,36.3669638523296
2025-10-03 00:30:00,40.5,36.321895618631885
2025-10-03 00:35:00,40.583333333333336,36.42253394311285
2025-10-03 00:40:00,40.666666666666664,36.32403852069864
2025-10-03 00:45:00,40.75,36.44965408521536
2025-10-03 00:50:00,40.833333333333336,36.487668085425476
2025-10-03 00:55:00,40.916666666666664,36.434795472510594
2025-10-03 01:00:00,41.0,36.38738866961254
2025-10-03 01:05:00,41.083333333333336,36.45160690454187
2025-10-03 01:10:00,41.166666666666664,36.39578000494049
2025-10-03 01:15:00,41.25,36.50068244450107
2025-10-03 01:20:00,41.333333333333336,36.284869093332745
2025-10-03 01:25:00,41.416666666666664,36.41025133863014
2025-10-03 01:30:00,41.5,36.28372603725902
2025-10-03 01:35:00,41.583333333333336,36.329447116190025
2025-10-03 01:40:00,41.666666666666664,36.564388978981576
2025-10-03 01:45:00,41.75,36.53328688519219
2025-10-03 01:50:00,41.833333333333336,36.410666779772654
2025-10-03 01:55:00,41.916666666666664,36.35473594058983
2025-10-03 02:00:00,42.0,36.24463964143872
2025-10-03 02:05:00,42.083333333333336,36.44533948426337
2025-10-03 02:10:00,42.166666666666664,36.68961760755274
2025-10-03 02:15:00,42.25,36.538085124922056
2025-10-03 02:20:00,42.333333333333336,36.465979792757096
2025-10-03 02:25:00,42.416666666666664,36.55554085427719
2025-10-03 02:30:00,42.5,36.40118068870652
2025-10-03 02:35:00,42.583333333333336,36.510124789220576
2025-10-03 02:40:00,42.666666666666664,36.549848801483286
2025-10-03 02:45:00,42.75,36.54310534299549
2025-10-03 02:50:00,42.833333333333336,36.62147966597913
2025-10-03 02:55:00,42.916666666666664,36.594123651926644
2025-10-03 03:00:00,43.0,36.628466081448636
2025-10-03 03:05:00,43.083333333333336,36.52848527140781
2025-10-03 03:10:00,43.166666666666664,36.66403835671707
2025-10-03 03:15:00,43.25,36.731285045211365
2025-10-03 03:20:00,43.333333333333336,36.532209820644574
2025-10-03 03:25:00,43.416666666666664,36.5477483371064
2025-10-03 03:30:00,43.5,36.73465520234132
2025-10-03 03:35:00,43.583333333333336,36.621595363836725
2025-10-03 03:40:00,43.666666666666664,36.75839664686877
2025-10-03 03:45:00,43.75,36.6199493836622
2025-10-03 03:50:00,43.833333333333336,36.78108603632473
2025-10-03 03:55:00,43.916666666666664,36.68459580903049
2025-10-03 04:00:00,44.0,36.70418973556968
2025-10-03 04:05:00,44.083333333333336,36.81821879018681
2025-10-03 04:10:00,44.166666666666664,36.67366053553232
2025-10-03 04:15:00,44.25,36.636919587418745
2025-10-03 04:20:00,44.333333333333336,36.685973183407604
2025-10-03 04:25:00,44.416666666666664,36.76773119226599
2025-10-03 04:30:00,44.5,36.61600248772653
2025-10-03 04:35:00,44.583333333333336,36.8020075785287
2025-10-03 04:40:00,44.666666666666664,36.71767821035413
2025-10-03 04:45:00,44.75,36.86239360470512
2025-10-03 04:50:00,44.833333333333336,36.58883045129356
2025-10-03 04:55:00,44.916666666666664,36.72725803972611
2025-10-03 05:00:00,45.0,36.66508254790127
2025-10-03 05:05:00,45.083333333333336,36.743718340956434
2025-10-03 05:10:00,45.166666666666664,36.83944199640312
2025-10-03 05:15:00,45.25,36.81509327811758
2025-10-03 05:20:00,45.333333333333336,36.8189498787206
2025-10-03 05:25:00,45.416666666666664,36.836255303972976
2025-10-03 05:30:00,45.5,36.87500784574862
2025-10-03 05:35:00,45.583333333333336,36.787772640430006
2025-10-03 05:40:00,45.666666666666664,36.934689651222044
2025-10-03 05:45:00,45.75,36.940803922538095
2025-10-03 05:50:00,45.833333333333336,36.92820086128463
2025-10-03 05:55:00,45.916666666666664,36.95148132696688
2025-10-03 06:00:00,46.0,36.94018201036082
2025-10-03 06:05:00,46.083333333333336,37.088728920532425
2025-10-03 06:10:00,46.166666666666664,36.92835007609271
2025-10-03 06:15:00,46.25,36.920081101919656
2025-10-03 06:20:00,46.333333333333336,36.89362685806796
2025-10-03 06:25:00,46.416666666666664,36.880516103581435
2025-10-03 06:30:00,46.5,36.8726498015562
2025-10-03 06:35:00,46.583333333333336,36.91013222537795
2025-10-03 06:40:00,46.666666666666664,36.98452378725114
2025-10-03 06:45:00,46.75,37.02577352087837
2025-10-03 06:50:00,46.833333333333336,37.01187824063993
2025-10-03 06:55:00,46.916666666666664,36.95520212381934
2025-10-03 07:00:00,47.0,37.09701476512159
2025-10-03 07:05:00,47.083333333333336,37.09260097995631
2025-10-03 07:10:00,47.166666666666664,37.02901295916231
2025-10-03 07:15:00,47.25,36.99777331328564
2025-10-03 07:20:00,47.333333333333336,37.10198363002436
2025-10-03 07:25:00,47.416666666666664,37.0811272287625
2025-10-03 07:30:00,47.5,36.95809246230071
2025-10-03 07:35:00,47.583333333333336,37.07622714200407
2025-10-03 07:40:00,47.666666666666664,37.11021728932489
2025-10-03 07:45:00,47.75,37.024730033876004
2025-10-03 07:50:00,47.833333333333336,37.11920306485404
2025-10-03 07:55:00,47.916666666666664,36.99479507628139
2025-10-03 08:00:00,48.0,37.22509293953492
